,TV,Sales
0,34,8.860623684194893
1,1,7.03028625869945
2,3,7.141215799638568
3,45,9.47073615936004
4,77,11.245608814385925
5,34,8.860623684194893
6,67,10.690961109690335
7,82,11.522932666733718
8,32,8.749694143255775
